id,title,category,condition,price,base_price,discount_percentage,currency,stock,max_purchase_quantity,free_shipping,logistic_type,pickup_available,city,state,country,os,resolution,storage,ram,cpu,voice_assistant,remote_type,ports,bluetooth,wifi,wifi_standards,warranty_time,warranty_type
MLA906305330,Google Tv Streamer 4k Netflix Hdr 2024 Androidtv Color Blanco Tipo De Control Remoto De Voz,MLA352001,new,299999.0,299999.0,0,ARS,414,1,True,cross_docking,False,San Nicolás,Capital Federal,Argentina,Android TV,4K,32 GB,4 GB,Amlogic S905X3 Cortex-A55 Quad-Core,Google Assistant,De voz,HDMI,Sí,Sí,5.8GHz,6 meses,Garantía del vendedor
MLA2020861394,Adaptador Smart Tv Box 4k Color Negro 32gb,MLA352001,new,45014.0,45014.0,0,ARS,206,,True,xd_drop_off,False,caballito,Capital Federal,Argentina,Android,4K,32 GB,4 GB,Cortex A-35 Quad-Core,,Estándar,"Micro-USB,USB-A,USB-B,Tarjeta micro-SD",No,Sí,IEEE 802.11a/b/g/n/ac,30 días,Garantía del vendedor
MLA2012430250,Smart Tv Onn Uhd Streaming Device 2° Gen 4k Color Negro,MLA352001,new,86000.0,86000.0,0,ARS,114,,True,xd_drop_off,False,Caba,Capital Federal,Argentina,Android TV 12,4K,8 GB,2 GB,Cortex-A35 Quad-Core,Google Assistant,De voz,HDMI,Sí,Sí,IEEE 802.11a/b/g/n/ac,30 días,Garantía del vendedor
MLA1104393418,Xiaomi Mi Tv Stick Full Hd 8gb Chromecast Streaming Con Control Color Negro,MLA352001,new,91348.0,91348.0,0,ARS,29,,True,cross_docking,False,Palermo,Capital Federal,Argentina,Android TV 9.0,Full HD,8 GB,1 GB,Cortex-A53 Quad-Core,Google Assistant,De voz,Micro-USB,Sí,Sí,IEEE 802.11a/b/g/n/ac,6 meses,Garantía de fábrica
MLA1454297341,Onn Google Tv Fhd Streaming Stick 2da Generación 8gb 1.5gb Ram Color Negro Control Remoto De Voz,MLA352001,new,65200.0,65200.0,0,ARS,435,,True,xd_drop_off,False,Recoleta,Capital Federal,Argentina,Google TV,Full HD,8 GB,1.5 GB,Quad-core Cortex-A35,Google Assistant,De voz,HDMI,Sí,Sí,IEEE 802.11a/b/g/n/ac,6 meses,Garantía del vendedor
MLA2018276154,Google Chromecast 4k Chromecast With Google Tv Ga01919-us De Voz 4.ª Generación 4k 8gb Sky Con 2gb De Memoria Ram,MLA352001,new,237487.0,237487.0,0,ARS,69,,True,cross_docking,False,Almagro,Capital Federal,Argentina,Android TV,4K,8 GB,2 GB,Amlogic S905X3 Cortex-A55 Quad-Core,Google Assistant,De voz,USB-C,Sí,Sí,IEEE 802.11ac,3 meses,Garantía del vendedor
MLA1885183850,Chromecast Ga01919-us Google 4 Generación 4k 8gb Con 2gb De Memoria Ram,MLA352001,new,134990.0,134990.0,0,ARS,70,,True,drop_off,False,Santa Fe,Santa Fe,Argentina,Android 10.0,4K,8 GB,2 GB,Amlogic S905X3 Cortex-A55 Quad-Core,Google Assistant,,USB-C,Sí,Sí,IEEE 802.11ac,3 meses,Garantía del vendedor
MLA1929846314,Mi Tv Stick Xiaomi 4k Mdz-27-eu 2.ª Generación Color Negro,MLA352001,new,92350.0,92350.0,0,ARS,264,,True,xd_drop_off,False,Parque Chas,Capital Federal,Argentina,Android TV 11,4K,8 GB,2 GB,Cortex A-35 Quad-Core,Google Assistant,De voz,Micro-USB,Sí,Sí,IEEE 802.11a/b/g/n/ac,30 días,Garantía de fábrica
MLA1479310419,Chromecast Google Ga03131 Tv Hd 8gb 2gb Ram 60 Fps Wifi Bluetooth Hdmi 4ta Gen Blanco,MLA352001,new,155000.0,155000.0,0,ARS,8,,True,drop_off,False,La Plata,Buenos Aires,Argentina,,Full HD,8 GB,2 GB,,Google Assistant,De voz,,Sí,Sí,,10 días,Garantía de fábrica
MLA2014004732,Control De Voz Xiaomi Mi Tv Stick Full Hd De 8 Gb Y 1 Gb De Ram,MLA352001,new,79999.0,79999.0,0,ARS,107,,True,cross_docking,False,Micro Centro,Capital Federal,Argentina,Android TV 9.0,Full HD,8 GB,1 GB,Cortex-A53 Quad-Core,Google Assistant,De voz,Micro-USB,Sí,Sí,IEEE 802.11a/b/g/n/ac,6 meses,Garantía de fábrica
MLA1949495790,Tv Box Smart Z8pro 32gb El Mas Rapido Full Apps!!,MLA352001,new,89990.0,89990.0,0,ARS,553,,True,xd_drop_off,False,Ezeiza,Buenos Aires,Argentina,Android 12,4K,32 GB,4 GB,,Google Assistant,,HDMI USB A TF SD,Sí,Sí,,30 días,Garantía del vendedor
MLA1472911965,Tv Stick Wi-fi Smart Tv Android Hdmi Tv Box Fire,MLA352001,new,59990.0,59990.0,0,ARS,106,,True,drop_off,False,Recoleta,Capital Federal,Argentina,Android,4K,16 GB,8 GB,,Google Assistant,Estándar,USB-C,No,Sí,,30 días,Garantía del vendedor
MLA2004084640,Mirascreen Anycast Wireless Dongle Tipo Chromecast /e Color Negro,MLA352001,new,44999.0,44999.0,0,ARS,199,,True,cross_docking,False,Flores,Capital Federal,Argentina,,HD 720p,,,,,,Micro-USB,No,Sí,,6 meses,Garantía de fábrica
MLA2001349684,Chromecast tv Gen 4 - 4k Hdr. Wifi+bth+c. Remoto,MLA352001,new,152947.3,152947.3,0,ARS,6,,True,xd_drop_off,False,Lomas de Zamora,Buenos Aires,Argentina,Chrome OS,4K,8 GB,1.5 GB,Amlogic S905X3 Cortex-A55 Quad-Core,Google Assistant,De voz,USB-C,Sí,Sí,IEEE 802.11ac,180 días,Garantía del vendedor
MLA2020394376,Tv Box Gadnic Android 10.0 Hdmi 4k Chromecast Full Hd Color Negro Tipo De Control Remoto Estándar,MLA352001,new,99799.0,99799.0,0,ARS,239,,True,cross_docking,False,Villa Ortúzar,Capital Federal,Argentina,,4K,,,,,Estándar,,,Sí,,12 meses,Garantía del vendedor
MLA2006690998,Tv Box 4k Hdmi Android  --el Más Rápido--,MLA352001,new,75000.0,75000.0,0,ARS,949,,True,drop_off,False,Berazategui,Buenos Aires,Argentina,Android,4K,1024 GB,512 GB,,,,"Micro-USB,USB-B,Tarjeta micro-SD",No,Sí,IEEE 802.11a/b/g/n/ac,30 días,Garantía del vendedor
MLA2012293122,Conversor Smart Tv Box Full Hd Android 11 2gb + 16gb Rom,MLA352001,new,67999.0,67999.0,0,ARS,58,,True,xd_drop_off,False,Lomas de Zamora,Buenos Aires,Argentina,Android,Full HD,16 GB,2 GB,,,,,Sí,Sí,,30 días,Garantía del vendedor
MLA1391312469,Xiaomi Mi Tv Stick 4k 8gb Ram 2gb Chromecast Amazon Netflix ,MLA352001,new,124999.0,124999.0,0,ARS,51,,True,cross_docking,False,Villa Crespo,Capital Federal,Argentina,Android TV 11,4K,8 GB,2 GB,Cortex A-35 Quad-Core,Google Assistant,,Micro-USB,Sí,Sí,IEEE 802.11a/b/g/n/ac,6 meses,Garantía del vendedor
MLA1388905681,Xiaomi Mi Tv Stick 4k Android Google Tv Color Negro Tipo De Control Remoto De Voz,MLA352001,new,109306.0,109306.0,0,ARS,30,,True,xd_drop_off,False,Capital Federal,Capital Federal,Argentina,Android TV 11,4K,8 GB,2 GB,Cortex A-35 Quad-Core,Google Assistant,De voz,Micro-USB,Sí,Sí,IEEE 802.11a/b/g/n/ac,12 meses,Garantía de fábrica
MLA1462796143,Tivo Ipa1104hdw-01 Stream 4k Original Con Google Oficial Certificado 8gb De Almacenamiento 2gb De Ram,MLA352001,new,82839.0,82839.0,0,ARS,28,,True,xd_drop_off,False,El Palomar,Buenos Aires,Argentina,Android TV,4K,8 GB,2 GB,Cortex-A35 Quad-Core,Google Assistant,,HDMI,Sí,Sí,IEEE 802.11a/b/n/g/ac,30 días,Garantía del vendedor
MLA1451195339,"Google Chromecast Con Google Tv (4k) - Disfruta De Películas, Programas En Vivo En 4k Hdr - Color Nieve",MLA352001,new,185000.0,185000.0,0,ARS,6,,True,xd_drop_off,False,San Nicolás,Capital Federal,Argentina,Android,4K,,,Amlogic S905X3 Cortex-A55 Quad-Core,Google Assistant,,Micro-USB,Sí,Sí,2.4GHz,15 días,Garantía del vendedor
MLA1465095701,Chromecast With Google Tv De Voz 4 Generación 4k 8gb,MLA352001,new,139000.0,139000.0,0,ARS,84,,True,cross_docking,False,Adrogué,Buenos Aires,Argentina,Android 10.0,4K,8 GB,2 GB,Amlogic S905X3 Cortex-A55 Quad-Core,Google Assistant,,USB-C,Sí,Sí,IEEE 802.11ac,12 meses,Garantía de fábrica
MLA1472592261,Convertidor Smart Tv Box De 8 Gb A Ram 128 Gb Pro 4k - Andro,MLA352001,new,67999.0,67999.0,0,ARS,52,,True,xd_drop_off,False,Lomas de Zamora,Buenos Aires,Argentina,Android,4K,32 GB,4 GB,Cortex A-35 Quad-Core,,,"Micro-USB,USB-A,USB-B,Tarjeta micro-SD",No,Sí,IEEE 802.11a/b/g/n/ac,15 días,Garantía de fábrica
MLA1474463683,Adaptador Smart Tv Box 4k,MLA352001,new,50000.0,50000.0,0,ARS,211,,True,drop_off,False,Berazategui,Buenos Aires,Argentina,Android,4K,32 GB,4 GB,Cortex A-35 Quad-Core,,,"Micro-USB,USB-A,USB-B,Tarjeta micro-SD",No,Sí,IEEE 802.11a/b/g/n/ac,30 días,Garantía del vendedor
MLA1944764898,Xiaomi Mi Tv Stick Mdz-27-eu 4k Uhd Conversor Smart Tv,MLA352001,new,115990.0,115990.0,0,ARS,122,,True,cross_docking,False,Micro Centro,Capital Federal,Argentina,Android TV 11,4K,8 GB,2 GB,Cortex A-35 Quad-Core,Asistente de Google,,"Hdmi x 1,Micro USB x 1",Sí,Sí,IEEE 802.11a/b/g/n/ac,6 meses,Garantía de fábrica
MLA1459903731,Google Chromecast 3 Full Hd Media Streaming Negro,MLA352001,new,145000.0,145000.0,0,ARS,30,,True,drop_off,False,fiorito,Buenos Aires,Argentina,Chrome OS,Full HD,,,ARM Cortex-A7 Dual-Core,Google Assistant,,USB-C,Sí,Sí,"2.4GHz,5Ghz",15 días,Garantía de fábrica
MLA1441671447,Smart Tv Convertidor Hdmi 4k Full Hd Android 11 Pcreg,MLA352001,new,110999.0,110999.0,0,ARS,496,,True,cross_docking,False,Almagro,Capital Federal,Argentina,,4K,8 GB,2 GB,Cortex A-35 Quad-Core,Google Assistant,,Micro-USB,Sí,Sí,IEEE 802.11a/b/g/n/ac,12 meses,Garantía de fábrica
MLA1778218792,Convertidor Xiaomi Tv Box S 2gen Oferta,MLA352001,new,129999.0,129999.0,0,ARS,21,,True,drop_off,False,Jujuy,Jujuy,Argentina,Google TV,4K,8 GB,2 GB,Quad-Core Cortex-A55,Google Assistant,,,Sí,Sí,2.4GHz/ 5GHz,1 meses,Garantía de fábrica
MLA1150957255,Google Chromecast 4 Smart Tv 4k Hdmi 8gb Streaming Control,MLA352001,new,143967.0,143967.0,0,ARS,31,,True,cross_docking,False,Morón,Buenos Aires,Argentina,Android TV,4K,8 GB,2 GB,Amlogic S905X3 Cortex-A55 Quad-Core,Google Assistant,,USB-C,Sí,Sí,IEEE 802.11ac,6 meses,Garantía del vendedor
MLA869896383,Xiaomi Mi Tv Stick Full Hd Android Chromecast Netflix Amazon,MLA352001,new,98999.0,98999.0,0,ARS,1634,,True,cross_docking,False,Villa Crespo,Capital Federal,Argentina,,Full HD,8 GB,1 GB,Cortex-A53 Quad-Core,Google Assistant,,Micro-USB,Sí,Sí,IEEE 802.11a/b/g/n/ac,6 meses,Garantía del vendedor
MLA2021037346,Google Tv Streamer 4k Smart Netflix Hdr 2024 Androidtv,MLA352001,new,232990.0,232990.0,0,ARS,11,,True,cross_docking,False,Balvanera,Capital Federal,Argentina,Android TV,4K,32 GB,4 GB,Amlogic S905X3 Cortex-A55 Quad-Core,Google Assistant,,HDMI,Sí,Sí,5.8GHz,6 meses,Garantía de fábrica
MLA1973115740,Google Chromecast 4 Generación Con Google Tv Blanco,MLA352001,new,149799.0,149799.0,0,ARS,50,,True,cross_docking,False,Balvanera,Capital Federal,Argentina,Android,HD,8 GB,2 GB,Amlogic S905X3 Cortex-A55 Quad-Core,Google Assistant,De voz,Micro-USB,Sí,Sí,2.4GHz,30 días,Garantía del vendedor
MLA1944850726,Xiaomi Mi Tv Stick Mdz-27-eu 4k Uhd Conversor Smart Tv,MLA352001,new,98990.0,98990.0,0,ARS,109,,True,cross_docking,False,Micro Centro,Capital Federal,Argentina,Android TV 11,4K,8 GB,2 GB,Cortex A-35 Quad-Core,Asistente de Google,,"Hdmi x 1,Micro USB x 1",Sí,Sí,IEEE 802.11a/b/g/n/ac,6 meses,Garantía de fábrica
MLA1121937411,Google Chromecast Google Tv De Voz 4k 8gb Cargador Original,MLA352001,new,162998.0,162998.0,0,ARS,403,,True,xd_drop_off,False,Martin Coronado,Buenos Aires,Argentina,Android TV OS,4K,8 GB,2 GB,Amlogic s905x3,Google Assistant,De voz,USB-C,Sí,Sí,IEEE 802.11ac,30 días,Garantía del vendedor
MLA1880561222,Smart Tv Stick Xiaomi 4k De 2da Generación Android Tv Negro,MLA352001,new,109708.0,109708.0,0,ARS,30,,True,cross_docking,False,Palermo,Capital Federal,Argentina,Android TV 11,4K,8 GB,2 GB,Cortex A-35 Quad-Core,Google Assistant,,Micro-USB,Sí,Sí,IEEE 802.11a/b/g/n/ac,6 meses,Garantía de fábrica
MLA1984710792,Tv Stick Xiaomi Mi Tv 4k Hdmi Android 11 Sin Cargador,MLA352001,new,125299.0,125299.0,0,ARS,230,,True,xd_drop_off,False,Villa Lugano,Capital Federal,Argentina,Android TV 11,4K,,,Cortex A-35 Quad-Core,,,,Sí,Sí,IEEE 802.11a/b/g/n/ac,3 meses,Garantía del vendedor
MLA1481232341,Google Chromecast Ultra 4k Negro Negro,MLA352001,new,130000.0,130000.0,0,ARS,1,,True,xd_drop_off,False,Flores,Capital Federal,Argentina,Chrome OS,4K,,,"Amlogic S905X3 Cortex-A55 Quad-Core,Cortex-A7 Dual-Core",Google Assistant,,"Micro-USB,Ethernet",Sí,Sí,IEEE 802.11ac,No especificado,Sin garantía
MLA1374858831,Android Tv Stick Control De Voz Full Hd 16gb Con 2gb De Ram,MLA352001,new,75000.0,75000.0,0,ARS,485,,True,xd_drop_off,False,CABA,Capital Federal,Argentina,Android TV 10,Full HD,16 GB,2 GB,Cortex-A53 Quad-Core,,,Micro-USB,,,IEEE 802.11a/b/g/n/ac,No especificado,Sin garantía
MLA874470219,Xiaomi Mi Tv Stick Full Hd 8gb Con Control X Voz Chromecast,MLA352001,new,99999.0,99999.0,0,ARS,539,,True,cross_docking,False,Villa Crespo,Capital Federal,Argentina,Android TV 9.0,Full HD,8 GB,1 GB,ARM Cortex-A53 Quad-Core,Google Assistant,De voz,Micro-USB,Sí,Sí,2.4GHz,6 meses,Garantía del vendedor
MLA1931250070,Tv Stick 4k | Convertidor Smart Tv Box Android Tv,MLA352001,new,74999.0,74999.0,0,ARS,31,,True,xd_drop_off,False,Villa Luro,Capital Federal,Argentina,Android TV,4K,64 GB,4 GB,Cortex A-35 Quad-Core,,,Auriculares Micro-usb,Sí,Sí,IEEE 802.11a/b/g/n/ac,30 días,Garantía del vendedor
MLA1663084514,Dcolor Chromecast Gd1 4k De Voz 4k 16gb Negro Con 2gb De Memoria Ram,MLA352001,new,105000.0,105000.0,0,ARS,25,,True,xd_drop_off,False,San nicolas,Capital Federal,Argentina,Android,4K,16 GB,2 GB,Amlogic S905Y4-B,,De voz,USB-C,,Sí,IEEE 802.11n,6 meses,Garantía del vendedor
MLA1160117408,Convertidor Smart Xiaomi Mi Tv Stick Amazon Disney Netflix,MLA352001,new,148919.0,148919.0,0,ARS,75,,True,xd_drop_off,False,Capital,Córdoba,Argentina,Android TV 9.0,Full HD,8 GB,1 GB,Cortex-A53 Quad-Core,Google Assistant,,Micro-USB,Sí,Sí,IEEE 802.11a/b/g/n/ac,1 meses,Garantía del vendedor
MLA1430039936,Google Chromecast With Google Tv De Voz 4k Cargador Original,MLA352001,new,178996.0,178996.0,0,ARS,39,,True,xd_drop_off,False,Martin Coronado,Buenos Aires,Argentina,Android TV,4K,8 GB,2 GB,Amlogic S905X3 Cortex-A55 Quad-Core,,,USB-C,Sí,Sí,IEEE 802.11ac,30 días,Garantía del vendedor
MLA1501625752,Google Chromecast Con Google Tv 4k + Control Remoto,MLA352001,new,126358.0,126358.0,0,ARS,147,,True,drop_off,False,Río Cuarto,Córdoba,Argentina,Android TV,4K,8 GB,2 GB,Amlogic S905X3 Cortex-A55 Quad-Core,,,USB-C,Sí,Sí,IEEE 802.11ac,No especificado,No especificado
MLA1439021777,Chromecast 4 Original Google Tv De Voz 4k 8gb,MLA352001,new,145530.0,145530.0,0,ARS,21,,True,xd_drop_off,False,Rosario,Santa Fe,Argentina,Android TV,4K,8 GB,2 GB,,Google Assistant,De voz,USB-C,Sí,Sí,"2.4GHz, 5.8GHz",6 meses,Garantía del vendedor
MLA728618823,Chromecast Version Miracast Netflix Youtube Spotify Ramos,MLA352001,new,239989.99,239989.99,0,ARS,35,,True,xd_drop_off,False,Ramos Mejía,Buenos Aires,Argentina,Chrome OS,4K,8 GB,2 GB,Amlogic S905X3 Cortex-A55 Quad-Core,Google Assistant,,USB-C,Sí,Sí,AMLogic,2 días,Garantía del vendedor
MLA1129875802,Chromecast 4 Google Tv 4k Cuot-s S/ Inter-s + Cargador Orig.,MLA352001,new,178995.0,178995.0,0,ARS,86,,True,xd_drop_off,False,Martin Coronado,Buenos Aires,Argentina,Android TV OS,,8 GB,2 GB,Amlogic s905x3,,,USB-C,Sí,Sí,IEEE 802.11ac,6 meses,Garantía del vendedor
MLA2023516262,Tvbox Luo Convertidor De Smart Y Magistv,MLA352001,new,47500.0,47500.0,0,ARS,50,,True,drop_off,False,clorinda,Formosa,Argentina,Android,4K,256 GB,4 GB,,no,,HDMI,No,Sí,,15 días,Garantía de fábrica
MLA1841433836,Xiaomi Mi Tv Stick Full Hd 8gb Con Control Color Negro,MLA352001,new,129999.0,129999.0,0,ARS,14,,True,xd_drop_off,False,San Telmo,Capital Federal,Argentina,Android TV 9.0,Full HD,8 GB,1 GB,Cortex-A53 Quad-Core,Google Assistant,,Micro-USB,Sí,Sí,IEEE 802.11a/b/g/n/ac,30 días,Garantía del vendedor
MLA1597574484,Parlante Google Home Mini Asistente Virtual Refabricado,MLA409415,new,69990.0,69990.0,0,ARS,176,,True,fulfillment,False,Chacarita,Capital Federal,Argentina,,,,,,,,,Sí,,,3 meses,Garantía del vendedor
MLA930506223,Soporte Montaje Embutido Pared Google Home Hub Mountgenie,MLA409415,new,19900.0,19900.0,0,ARS,50,,False,xd_drop_off,False,Caballito,Capital Federal,Argentina,,,,,,,,,,,,2 años,Garantía del vendedor
MLA1400506527,Google Home Mini Multi-room Google Assistant Refabricado,MLA409415,new,84990.0,84990.0,0,ARS,1,,True,cross_docking,False,Chacarita,Capital Federal,Argentina,,,,,,,,,Sí,,,3 meses,Garantía del vendedor
MLA2011107376,Prte Pared 45º Ggle Hme Hub 138x60mm Nextsale Clr Negr,MLA409415,new,10900.0,10900.0,0,ARS,12997,,False,xd_drop_off,False,Munro,Buenos Aires,Argentina,,,,,,,,,Sí,,,30 días,Garantía de fábrica
MLA1110314122,Soporte Pared 45º Google Home Hub Base 138x60mm Nextsale,MLA409415,new,10900.0,10900.0,0,ARS,25998,,False,xd_drop_off,False,Munro,Buenos Aires,Argentina,,,,,,,,,Sí,,,30 días,Garantía de fábrica
MLA1400539531,Google Home Mini Asistente Virtual Google Assistant Ref,MLA409415,new,64990.0,64990.0,0,ARS,3,,True,cross_docking,False,Chacarita,Capital Federal,Argentina,,,,,,,,,Sí,,,3 meses,Garantía del vendedor
MLA1110377590,Soporte De Pared Google Mini Home / Nest Mini 2da Generacion,MLA409415,new,10900.0,10900.0,0,ARS,38960,,False,xd_drop_off,False,Munro,Buenos Aires,Argentina,,,,,,,,,Sí,,,30 días,Garantía de fábrica
MLA1480178625,"Google Home Mini, Muy Buen Estado, Anda Perfecto. Leer!!!",MLA409415,used,80000.0,80000.0,0,ARS,1,,False,xd_drop_off,False,Valentín Alsina,Buenos Aires,Argentina,,,,,,,,,Sí,,,No especificado,Sin garantía
MLA1569955706,Google Home Asistente Virtual Google Assistant White Y Slate,MLA409415,used,220000.0,220000.0,0,ARS,1,,True,drop_off,False,La Escondida,Chaco,Argentina,,,,,,,,,Sí,,,3 meses,Garantía de fábrica
MLA1480304633,Google Home Max Color Chalk 110/220v Wifi,MLA409415,used,800000.0,800000.0,0,ARS,1,,True,drop_off,False,Florencio Varela,Buenos Aires,Argentina,,,,,,,,,Sí,,,No especificado,Sin garantía
MLA1361515563,Parlante Inteligente Google Home Mini Smart Speaker Spotify,MLA409415,used,58990.0,58990.0,0,ARS,5,,False,cross_docking,False,Chacarita,Capital Federal,Argentina,,,,,,,,,Sí,,,3 meses,Garantía del vendedor
MLA1364551668,Parlante Inteligente Google Home Mini  Youtube Usado Gris,MLA409415,used,58990.0,58990.0,0,ARS,5,,False,cross_docking,False,Chacarita,Capital Federal,Argentina,,,,,,,,,Sí,,,3 meses,Garantía del vendedor
MLA1361528507,Parlante Inteligente Google Home Mini Smart Speaker Gris Yt,MLA409415,used,62990.0,62990.0,0,ARS,4,,False,cross_docking,False,Chacarita,Capital Federal,Argentina,,,,,,,,,Sí,,,3 meses,Garantía del vendedor
MLA1412480803,Google Home Mini Negro,MLA409415,used,90000.0,90000.0,0,ARS,1,,False,xd_drop_off,False,San Nicolás,Capital Federal,Argentina,,,,,,,,,Sí,,,No especificado,Sin garantía
MLA1820484428,Google Home Mini Con Asistente Virtual Charcoal 110v/220v,MLA409415,used,89999.0,89999.0,0,ARS,1,,False,xd_drop_off,False,Capital federal,Capital Federal,Argentina,,,,,,,,,Sí,,,No especificado,Sin garantía
MLA1416430677,Google Home Mini Original!! Google Assistant ,MLA409415,used,40000.0,40000.0,0,ARS,1,,False,drop_off,False,Arroyo Seco,Santa Fe,Argentina,,,,,,,,,Sí,,,No especificado,Sin garantía
MLA1807784940,Google Home Mini Con Asistente Virtual,MLA409415,used,99000.0,99000.0,0,ARS,1,,False,drop_off,False,Capital,Salta,Argentina,,,,,,,,,Sí,,,No especificado,Sin garantía
MLA1437520249,Google Home Mini Con Asistente Virtual Color Negro,MLA409415,used,159999.0,159999.0,0,ARS,1,,False,xd_drop_off,False,Villa Pueyrredón,Capital Federal,Argentina,,,,,,,,,Sí,,,No especificado,Sin garantía
MLA2026121084,Google Home Mini Asistente Google (no Es Reacondicionado) Negro,MLA409415,used,50000.0,50000.0,0,ARS,1,1,False,xd_drop_off,False,Victoria,Buenos Aires,Argentina,,,,,,,,,Sí,,,No especificado,Sin garantía
MLA1476279951,"Altavoz Wi-fi Google Home Mini Assistant, Color Negro",MLA409415,used,38000.0,38000.0,0,ARS,1,,True,drop_off,False,Mar Del Plata,Buenos Aires,Argentina,,,,,,,,,Sí,,,5 días,Garantía del vendedor
MLA1474936661,Google Home Mini Con Google Assistant Chalk 110/220v Chalk,MLA409415,used,39999.0,39999.0,0,ARS,1,,False,xd_drop_off,False,Pilar,Buenos Aires,Argentina,,,,,,,,,Sí,,,No especificado,Sin garantía
MLA2005336284,Apple Tv 4k (wifi) A2737 De Voz 3.ª Generación 2022 4k 64gb Negro - Distribuidor Autorizado,MLA352001,new,449999.0,449999.0,0,ARS,24,,True,cross_docking,False,Paternal,Capital Federal,Argentina,,4K,64 GB,,Apple 15 Bionic,,De voz,"USB-C,IR",Sí,Sí,IEEE 802.11ax,12 meses,Garantía de fábrica
MLA1449403463,Apple Tv Hd A1625 De Voz 4.ª Generación 2015 Full Hd 32gb Negro Con 2gb De Memoria Ram,MLA352001,new,599990.0,599990.0,0,ARS,82,,True,fulfillment,False,Chacarita,Capital Federal,Argentina,tvOS,Full HD,32 GB,2 GB,Apple A8,,De voz,"Apple power supply,USB-C,Ethernet,IR",Sí,Sí,IEEE 802.11ac,3 meses,Garantía del vendedor
MLA1399215546,Apple Tv 4k (wifi) A2737 De Voz 3.ª Generación 2022 4k 64gb Negro,MLA352001,new,477099.0,477099.0,0,ARS,13,,True,cross_docking,False,Piñeyro,Buenos Aires,Argentina,,4K,64 GB,,Apple 15 Bionic,,De voz,"USB-C,IR",Sí,Sí,IEEE 802.11ax,1 años,Garantía de fábrica
MLA1453365954,Apple Tv 4k A2169 De Voz 2.ª Generación 2021 4k 32gb Negro,MLA352001,new,499997.0,499997.0,0,ARS,8,,True,drop_off,False,Tandil,Buenos Aires,Argentina,,4K,32 GB,,Chip A12 Bionic 64 Bits,,De voz,"Ethernet,DC jack",Sí,Sí,IEEE 802.11ax,6 meses,Garantía del vendedor
MLA1594852796,Apple Tv 4k A2169 De Voz 2.ª Generación 2021 4k 64gb Negro,MLA352001,new,466300.0,466300.0,0,ARS,1,,True,drop_off,False,Almagro,Capital Federal,Argentina,Apple,4K,64 GB,,Chip A12 Bionic con arquitectura de 64 bits,,De voz,"Ethernet,DC jack",Sí,Sí,IEEE 802.11ax,1 meses,Garantía del vendedor
MLA1981233514,Apple Tv 4k Wi-fi (tercera Generación) 128 Gb Ethernet,MLA352001,new,267141.48,267141.48,0,ARS,15,3,True,drop_off,False,Doral,Florida,United States of America,iOS,4K,128 GB,128 GB,Apple 15 Bionic,Siri,,"USB-C,IR,Gigabit Ethernet",Sí,Sí,IEEE 802.11ax,1 años,Garantía de fábrica
MLA1719499042,Streaming Apple Tv Fhd 32gb 2nd Gen 2021 Black Mhy93ll/a ,MLA352001,new,327990.0,327990.0,0,ARS,42,,True,cross_docking,False,Chacarita,Capital Federal,Argentina,tvOS,Full HD,32 GB,2 GB,Apple A8,,,"Apple power supply,USB-C,Ethernet,IR",Sí,Sí,IEEE 802.11ac,3 meses,Garantía del vendedor
MLA1366437937, Apple Tv 4k (wifi) A2737 3.ª Generación 2022 4k 64gb Negro,MLA352001,new,405399.0,405399.0,0,ARS,9,,True,fulfillment,False,Piñeyro,Buenos Aires,Argentina,,4K,64 GB,,Apple 15 Bionic,,,"IR,USB-C",Sí,Sí,IEEE 802.11ax,1 años,Garantía de fábrica
MLA1345295576, Apple Tv 4k Wifi A2737 De Voz 3.ª Generación 2022 4k 64gb,MLA352001,new,369717.0,369717.0,0,ARS,4,,True,xd_drop_off,False,Florida Oeste,Buenos Aires,Argentina,,4K,64 GB,,Apple 15 Bionic,,,"IR,USB-C",Sí,Sí,IEEE 802.11ax,12 meses,Garantía de fábrica
MLA1361163774, Apple Tv 4k (wifi + Ethernet) 3.ª Generación 2022 128gb,MLA352001,new,664999.0,664999.0,0,ARS,5,,True,xd_drop_off,False,Florida Oeste,Buenos Aires,Argentina,,4K,128 GB,,Apple 15 Bionic,,,"Gigabit Ethernet,IR,USB-C",Sí,Sí,IEEE 802.11ax,12 meses,Garantía de fábrica
MLA1458318213,Apple Tv 4k (wifi + Ethernet)  3ra Gen 2022 4k 128gb Negro,MLA352001,new,420000.0,420000.0,0,ARS,1,,True,drop_off,False,Bahía Blanca,Buenos Aires,Argentina,,4K,128 GB,,Apple 15 Bionic,,,"Gigabit Ethernet,IR,USB-C",Sí,Sí,IEEE 802.11ax,12 meses,Garantía de fábrica
MLA1426291701,Apple Tv 4k 64gb Modelo A2169. Soporte Y Funda De Regalo,MLA352001,new,567000.0,567000.0,0,ARS,1,,True,xd_drop_off,False,CABA,Capital Federal,Argentina,,4K,3 GB,64 GB,Apple 15 Bionic,Siri,,"Gigabit Ethernet,IR,USB-C",Sí,Sí,IEEE 802.11ax,12 meses,Garantía de fábrica
MLA2011479876,Apple Tv 4k Wi-fi (tercera Generación) 64gb Apple Tv Negro De Voz,MLA352001,new,330000.0,330000.0,0,ARS,1,,True,xd_drop_off,False,Recoleta,Capital Federal,Argentina,iOS,4K,64 GB,128 GB,Apple A10X Fusion,Siri,De voz,Ethernet,Sí,Sí,IEEE 802.11ac,12 meses,Garantía de fábrica
MLA1904940598,Apple Tv 4k 64 Gb Negro Con Memoria Ram De 3 Gb A1842,MLA352001,used,220000.0,220000.0,0,ARS,1,,False,xd_drop_off,False,Recoleta,Capital Federal,Argentina,,4K,64 GB,3 GB,Apple A12,,,"Apple power supply,Ethernet,IR",Sí,Sí,IEEE 802.11ac,No especificado,Sin garantía
MLA1447987851,Apple Tv A1427 Estándar 3.a Generación Fhd,MLA352001,used,70000.0,70000.0,0,ARS,1,,True,xd_drop_off,False,Monte Castro,Capital Federal,Argentina,,Full HD,8 GB,512 MB,Apple A5,,,"Ethernet,Micro-USB",Sí,Sí,,No especificado,Sin garantía
MLA1448806077,"Apple Tv A1469 3.a Gen. Full Hd 8gb, 1gb Ram,estado Impoluto",MLA352001,used,44900.0,44900.0,0,ARS,1,,False,drop_off,False,Belen De Escobar,Buenos Aires,Argentina,tvOS,Full HD,8 GB,1 GB,,,,HDMI,No,Sí,,No especificado,Sin garantía
MLA2012548500, Apple Tv  3.ª Generación (year 2012),MLA352001,used,45000.0,45000.0,0,ARS,1,,False,drop_off,False,Palermo,Capital Federal,Argentina,Apple TV 5.2,Full HD,8 GB,512 MB,Apple A5 Single-Core,,,"Ethernet,Micro-USB",,Sí,,No especificado,Sin garantía
MLA1984892006,Apple Tv (3era Generación) Modelo A1427,MLA352001,used,60000.0,60000.0,0,ARS,1,,False,xd_drop_off,False,Olivos,Buenos Aires,Argentina,,Full HD,,,,,,,No,Sí,,No especificado,Sin garantía
MLA2007226274,Apple Tv A1378 Estándar 2.a Generación,MLA352001,used,24989.0,24989.0,0,ARS,1,,False,drop_off,False,San Miguel de Tucumán,Tucumán,Argentina,Apple TV,HD,8 GB,256 MB,Apple A4,,,"Apple power supply,Ethernet,IR,Micro-USB",Sí,Sí,IEEE 802.11a/b/g/n,No especificado,Sin garantía
MLA1475974383,Apple Tv 4k 32 Gb,MLA352001,used,35000.0,35000.0,0,ARS,1,,False,xd_drop_off,False,capital federal,Capital Federal,Argentina,,4K,32 GB,,Apple A12,,,,Sí,Sí,IEEE 802.11ax,No especificado,Sin garantía
MLA1968764116,Apple Tv 2.a Generación Hd 8gb Negro,MLA352001,used,30000.0,30000.0,0,ARS,1,,False,xd_drop_off,False,Beccar,Buenos Aires,Argentina,Apple TV,HD,8 GB,256 MB,Apple A4,,,"Apple power supply,Ethernet,IR,Micro-USB",Sí,Sí,IEEE 802.11a/b/g/n,No especificado,Sin garantía
MLA1478481559,Apple Tv A1625 4k 4ta 4th Generación 2015,MLA352001,used,145000.0,145000.0,0,ARS,1,,False,xd_drop_off,False,Belgrano,Capital Federal,Argentina,tvOS,4K,32 GB,32 GB,,Siri,,"Bluetooth,HDMI",Sí,Sí,,No especificado,Sin garantía
MLA1469995027,Apple Tv A1218 2007 1.a Generacion,MLA352001,used,24000.0,24000.0,0,ARS,1,,True,drop_off,False,rincon de milberg,Buenos Aires,Argentina,,,160 GB,256 MB,,,,,,Sí,,No especificado,Sin garantía
MLA1462043665,Apple Tv 2a Generación Full Hd,MLA352001,used,40000.0,40000.0,0,ARS,1,,False,xd_drop_off,False,Capital Federal - Belgrano,Capital Federal,Argentina,Apple TV,HD,8 GB,256 MB,Apple A4,,,"Ethernet,Micro-USB,IR,Apple power supply",Sí,Sí,IEEE 802.11a/b/g/n,No especificado,Sin garantía
MLA1460121355,Apple Tv 4k (wifi) A2737 De Voz 3.a Generación 64gb,MLA352001,used,310000.0,310000.0,0,ARS,1,,False,xd_drop_off,False,Balvanera,Capital Federal,Argentina,,4K,64 GB,,Apple 15 Bionic,,,"IR,USB-C",Sí,Sí,IEEE 802.11ax,2 años,Garantía de fábrica
MLA1399520644,Apple Tv 4k 32gb A1842 Negro (usado),MLA352001,used,400000.0,400000.0,0,ARS,1,,False,xd_drop_off,False,Núñez,Capital Federal,Argentina,,4K,32 GB,,,,,,,,,No especificado,Sin garantía
MLA1460688751,Apple Tv Hd 4.a Generación 2015 A1625 / 32 Gb,MLA352001,used,180000.0,180000.0,0,ARS,1,,True,xd_drop_off,False,Rosario,Santa Fe,Argentina,tvOS,Full HD,,,Apple A8,Siri,,"Apple power supply,Ethernet,HDMI",Sí,Sí,IEEE 802.11ac,No especificado,Sin garantía
MLA1972159008,Apple Tv A1427 ( Control No Funciona),MLA352001,used,20000.0,20000.0,0,ARS,1,,False,xd_drop_off,False,Temperley,Buenos Aires,Argentina,,Full HD,8 GB,512 MB,Apple A5,,,"Ethernet,Micro-USB",Sí,Sí,,No especificado,Sin garantía
MLA1474178905,Apple Tv 4k,MLA352001,used,50000.0,50000.0,0,ARS,2,,False,drop_off,False,Villa Rosa,Buenos Aires,Argentina,iOS,HD,,3 GB,,No contiene,,USB,Sí,Sí,,No especificado,Sin garantía
MLA1877356464,Apple Tv 2 3.ª Gen. Full Hd 1gb Ram 8gb.,MLA352001,used,45000.0,45000.0,0,ARS,1,,False,xd_drop_off,False,Barrio norte,Capital Federal,Argentina,,Full HD,8 GB,1 GB,,,,,,,,No especificado,Sin garantía
MLA1938425710,Apple Tv 3,MLA352001,used,38000.0,38000.0,0,ARS,1,,False,drop_off,False,Palermo,Capital Federal,Argentina,,Full HD,,,,,,HDMI,No,Sí,,No especificado,Sin garantía
MLA1911254292,Apple Tv 4k (wifi + Ethernet) A2843 4k 128gb Negro,MLA352001,used,400000.0,400000.0,0,ARS,1,,True,drop_off,False,Bariloche,Río Negro,Argentina,,4K,128 GB,128 GB,Apple 15 Bionic,,,"Gigabit Ethernet,IR,USB-C",Sí,Sí,IEEE 802.11ax,No especificado,Sin garantía
MLA1781884668, Apple Tv A1427 2.ª Generación ,MLA352001,used,37081.98,37081.98,0,ARS,1,,False,xd_drop_off,False,Villa Martelli,Buenos Aires,Argentina,Apple TV,HD,8 GB,256 MB,Apple A4,,,"Apple power supply,Ethernet,IR,Micro-USB",Sí,Sí,IEEE 802.11a/b/g/n,No especificado,Sin garantía
MLA2013720360,"Apple Tv Modelo A1427 Con Control ,hdmi Y Cable Alimentación Negro Estándar",MLA352001,used,39999.0,39999.0,0,ARS,1,,False,xd_drop_off,False,Chacarita,Capital Federal,Argentina,,Full HD,8 GB,512 MB,Apple A5,,Estándar,"Ethernet,Micro-USB",Sí,Sí,,No especificado,Sin garantía
MLA1470131529,Apple Tv Hd A1625 De Voz 4.a Gen 2015 Full Hd 32gb,MLA352001,used,150000.0,150000.0,0,ARS,1,,False,drop_off,False,Belgrano R,Capital Federal,Argentina,tvOS,Full HD,32 GB,2 GB,Apple A8,,,"Apple power supply,Ethernet,IR,USB-C",Sí,Sí,IEEE 802.11ac,No especificado,Sin garantía
MLA1903134622,Apple Tv A1427 3.ª Generación Full Hd 8gb,MLA352001,used,73999.0,73999.0,0,ARS,1,,True,xd_drop_off,False,Ituzaingó,Buenos Aires,Argentina,tvOS,Full HD,8 GB,512 MB,Apple A5,,,"Ethernet,Micro-USB",Sí,Sí,,No especificado,Sin garantía
MLA1443682603,Apple Tv 2ª Generaciónhd 8gb Negro Con 256mb De Memoria Ram,MLA352001,used,60000.0,60000.0,0,ARS,2,,False,xd_drop_off,False,Villa Luro,Capital Federal,Argentina,Apple TV,HD,8 GB,256 MB,Apple A4,,,"Apple power supply,Ethernet,IR,Micro-USB",Sí,Sí,IEEE 802.11a/b/g/n,No especificado,Sin garantía
MLA1463957805,Apple Tv 4.a Generación 2015 Full Hd 32gb 2gb Ram,MLA352001,used,250000.0,250000.0,0,ARS,1,,False,drop_off,False,Villa Urquiza,Capital Federal,Argentina,tvOS,Full HD,32 GB,2 GB,Apple A8,,,"Apple power supply,Ethernet,IR,USB-C",Sí,Sí,IEEE 802.11ac,No especificado,Sin garantía
MLA1317267791,Apple Tv 3era Generación. Full Hd. Con Control Remoto,MLA352001,used,80000.0,80000.0,0,ARS,1,,False,xd_drop_off,False,Recoleta,Capital Federal,Argentina,,Full HD,8 GB,512 MB,Apple A5,,,"Ethernet,Micro-USB",Sí,Sí,,No especificado,Sin garantía
MLA1475666907,Apple Tv  Full Hd 32gb,MLA352001,used,250000.0,250000.0,0,ARS,1,,True,drop_off,False,El Palomar,Buenos Aires,Argentina,tvOS,Full HD,32 GB,2 GB,Apple A8,,,"Apple power supply,Ethernet,IR,USB-C",Sí,Sí,IEEE 802.11ac,No especificado,Sin garantía
MLA1913427140,Apple Tv A1427  3.a Generación Full Hd 8gb Negro,MLA352001,used,60000.0,60000.0,0,ARS,1,,False,xd_drop_off,False,Villa Crespo,Capital Federal,Argentina,,Full HD,8 GB,512 MB,Apple A5,,,"Ethernet,Micro-USB",Sí,Sí,,No especificado,Sin garantía
MLA2010200866,Apple Tv Hd 4ta 4th Generación 2015 A1625 Restore Problem,MLA352001,used,59000.0,59000.0,0,ARS,1,,False,drop_off,False,Paraná,Entre Ríos,Argentina,,Full HD,,,Apple A8,,,"Apple power supply,USB-C,Ethernet,IR",Sí,Sí,IEEE 802.11ac,No especificado,Sin garantía
MLA1464945897,Apple Tv 3.a Generación 512mb,MLA352001,used,99000.0,99000.0,0,ARS,1,,False,drop_off,False,Don Bosco,Buenos Aires,Argentina,,Full HD,8 GB,512 MB,Apple A5,,,"Ethernet,Micro-USB",Sí,Sí,,No especificado,Sin garantía
MLA1445793563,Apple Tv Hd A1625 De Voz 4.ª Generación 2015 Full Hd 64 Gb,MLA352001,used,150000.0,150000.0,0,ARS,1,,True,drop_off,False,Ramos Mejia,Buenos Aires,Argentina,,Full HD,64 GB,2 GB,Apple A8,,,"Apple power supply,Ethernet,IR,USB-C",Sí,Sí,IEEE 802.11ac,No especificado,Sin garantía
MLA1448835555,Apple Tv A1469 Estándar 3,MLA352001,used,80000.0,80000.0,0,ARS,1,,False,xd_drop_off,False,Flores,Capital Federal,Argentina,,Full HD,8 GB,512 MB,Apple A5,,,"Ethernet,Micro-USB",Sí,Sí,,No especificado,Sin garantía
MLA1436930383,Apple Tv A1427 Estándar 3.ªgeneracion,MLA352001,used,80500.0,80500.0,0,ARS,1,,False,xd_drop_off,False,capital federal,Capital Federal,Argentina,,Full HD,8 GB,512 MB,Apple A5,,,"Ethernet,Micro-USB",Sí,Sí,,No especificado,Sin garantía
MLA1938835060,Apple Tv A1469. Full Hd 8gb/ 512mb Ram Sin Control Remoto,MLA352001,used,65000.0,65000.0,0,ARS,2,,False,xd_drop_off,False,Villa Devoto,Capital Federal,Argentina,Apple TV 5.2,Full HD,8 GB,512 MB,Apple A5 Single-Core,,,"Ethernet,Micro-USB",Sí,Sí,,No especificado,Sin garantía
MLA1822817324,Apple Tv A1427  3.ª Generación Full Hd 8gb Negro,MLA352001,used,39000.0,39000.0,0,ARS,3,,True,drop_off,False,Bella Vista,Buenos Aires,Argentina,,Full HD,8 GB,512 MB,Apple A5,,,"Ethernet,Micro-USB",Sí,Sí,,No especificado,Sin garantía
MLA1990674538,Apple Tv 3.a Generación A1427,MLA352001,used,49000.0,49000.0,0,ARS,1,,False,xd_drop_off,False,Palermo,Capital Federal,Argentina,,Full HD,8 GB,,Apple A5,,,"Ethernet,Micro-USB",Sí,Sí,,No especificado,Sin garantía
MLA1373097937,Amazon Lite Fire Tv Stick B091g4yp57 De Voz Full Hd 8gb Negro Con 1gb De Memoria Ram,MLA352001,new,57800.0,57800.0,0,ARS,179,,True,cross_docking,False,San Cristóbal,Capital Federal,Argentina,Fire OS 7,Full HD,8 GB,1 GB,Quad-Core,Alexa,De voz,Micro-USB,Sí,Sí,IEEE 802.11a/b/g/n/ac,6 meses,Garantía del vendedor
MLA2026898872,Fire Tv Stick 4k 2023 Compatible Wifi 6 Con 2gb De Ram Color Negro Tipo De Control Remoto Control De Voz,MLA352001,new,70590.0,70590.0,0,ARS,48,,True,xd_drop_off,False,Quilmes Oeste,Buenos Aires,Argentina,Fire OS,4K,8 GB,2 GB,Cpu de 1.7 ghz con cuatro núcleos,Alexa,De voz,Micro-USB,Sí,Sí,2.4GHz,15 días,Garantía del vendedor
MLA1918238052,Amazon Fire Tv Stick 4k Ultra Hd Max 16gb 2nda Generación Wi-fi 6e Color Negro Tipo De Control Remoto Estándar,MLA352001,new,96199.0,96199.0,0,ARS,70,,True,cross_docking,False,San Cristóbal,Capital Federal,Argentina,Fire OS,4K,16 GB,2 GB,MediaTek MT8696 Quad-Core,Alexa,Estándar,Micro-USB,Sí,Sí,"2.4GHz,5.8GHz",6 meses,Garantía del vendedor
MLA1477120571,Amazon Fire Tv Stick Lite Control Por Voz Alexa Fhd 1080p Color Negro Tipo De Control Remoto De Voz,MLA352001,new,62699.0,62699.0,0,ARS,30,,True,xd_drop_off,False,Córdoba,Córdoba,Argentina,Fire OS,Full HD 1080p,8 GB,1 GB,ARM Quad-Core,,De voz,Micro-USB,Sí,Sí,"2.4GHz,5Ghz",6 meses,Garantía del vendedor
MLA1477750263,Amazon Fire Tv Stick Hd 4a Generación Con Comandos De Voz Negro 1gb Ram,MLA352001,new,60009.0,60009.0,0,ARS,55,,True,xd_drop_off,False,capital federal,Capital Federal,Argentina,Fire OS,1080p y 720p hasta 60 fps,8 GB,1 GB,,Alexa,De voz,Micro-USB,Sí,Sí,5.8GHz,6 meses,Garantía del vendedor
MLA1971319040,Amazon Fire Tv Stick 4k Max 16 Gb Wifi 6 Ultra Rápido Color Negro,MLA352001,new,112000.0,112000.0,0,ARS,20,,True,xd_drop_off,False,Belgrano,Capital Federal,Argentina,Fire OS,4K,16 GB,2 GB,MediaTek MT8696 Quad-Core,Alexa,,Micro-USB,Sí,Sí,"2.4GHz,5.8GHz",3 meses,Garantía del vendedor
MLA1369238847,Amazon Fire Tv Stick Lite Control De Voz Full Hd 8gb 1gb Ram,MLA352001,new,74999.0,74999.0,0,ARS,252,,True,fulfillment,False,Haedo,Buenos Aires,Argentina,Fire OS 7,Full HD,8 GB,1 GB,Quad-Core,Alexa,,Micro-USB,Sí,Sí,IEEE 802.11a/b/g/n/ac,No especificado,Sin garantía
MLA1908528342,"Amazon Fire Tv Stick 4k Streaming, Con Alexa Voice Remote Color Negro",MLA352001,new,78800.0,78800.0,0,ARS,17,,True,xd_drop_off,False,Belgrano,Capital Federal,Argentina,Fire OS 6.2.7.7,4K,8 GB,1.5 GB,ARM Cortex-A53 Quad-Core,Alexa,De voz,Micro-USB,Sí,Sí,IEEE 802.11a/b/g/n/ac,6 meses,Garantía del vendedor
MLA1397794231,"Fire Tv Stick (3.ª Generación 2021) Con Alexa Voice Remote,",MLA352001,new,82475.0,82475.0,0,ARS,79,,True,fulfillment,False,Pozo del Molle,Córdoba,Argentina,Fire OS 7,Full HD,8 GB,1 GB,MediaTek MT8695D Quad-Core,Alexa,,Micro-USB,Sí,Sí,IEEE 802.11a/b/g/n/ac,90 días,Garantía del vendedor
MLA1975526012,Amazon Fire Tv Stick Hd 2024 Control De Voz 8gh Wifi 5 Nuevo,MLA352001,new,99987.0,99987.0,0,ARS,50,,True,cross_docking,False,Almagro,Capital Federal,Argentina,Fire OS,Full HD,8 GB,1 GB,,Alexa,,,Sí,Sí,,3 meses,Garantía del vendedor
MLA1474169913,Amazon Fire Tv Stick Hd 2024 Control Por Voz Fhd Sicoaf,MLA352001,new,59999.0,59999.0,0,ARS,200,,True,cross_docking,False,VILLA DEVOTO,Capital Federal,Argentina,,HD,8 GB,1 GB,,,,,,,,6 meses,Garantía de fábrica
MLA1480866039,Amazon Fire Tv Stick De Voz 3gen Full Hd 8gb Negro Con 1gb De Ram,MLA352001,new,81140.0,81140.0,0,ARS,21,,True,drop_off,False,Guaymallén,Mendoza,Argentina,Fire OS 7,Full HD,8 GB,1 GB,MediaTek MT8695D Quad-Core,,De voz,"Micro-USB,Ethernet",Sí,Sí,IEEE 802.11a/b/g/n/ac,6 meses,Garantía de fábrica
MLA1412833290,Amazon Fire Tv Stick 4k De Voz 2ª Generación 4k 8gb Negro Con 1.5gb De Memoria Ram,MLA352001,new,109996.0,109996.0,0,ARS,29,,True,xd_drop_off,False,Martin Coronado,Buenos Aires,Argentina,Fire OS,4K,8 GB,1.5 GB,Quad-Core 1.7 GHz,,De voz,Micro-USB,Sí,Sí,IEEE 802.11a/b/g/n/ac,30 días,Garantía del vendedor
MLA1856299014,Amazon Fire Tv Stick 4k De Voz 2ª Generación 4k 8gb Negro1 Con 1.5gb De Memoria Ram,MLA352001,new,96000.0,96000.0,0,ARS,187,,True,fulfillment,False,Parque Patricios,Capital Federal,Argentina,Fire OS 6.2.7.7,4K,8 GB,1.5 GB,Cortex-A53 Quad-Core,Alexa,De voz,Micro-USB,Sí,Sí,IEEE 802.11a/b/g/n/ac,12 meses,Garantía de fábrica
MLA1974888490,Amazon Fire Tv Stick Hd 2024 Control Por Voz Fhd Streaming,MLA352001,new,66599.0,66599.0,0,ARS,44,,True,xd_drop_off,False,Recoleta,Capital Federal,Argentina,Fire OS,Full HD,8 GB,1 GB,,Alexa,,"HDMI,Micro-USB",Sí,Sí,,6 meses,Garantía del vendedor
MLA1401168109,Amazon Tv Stick Fire Tv Stick 4k Max K2r2te De Voz 1.ª Generación 4k 8gb Negro Con 2gb De Memoria Ram,MLA352001,new,109675.0,109675.0,0,ARS,39,,True,fulfillment,False,Pozo del Molle,Córdoba,Argentina,Fire OS 7,4K,8 GB,2 GB,MediaTek MT8696 Quad-Core,Alexa,De voz,Micro-USB,Sí,Sí,IEEE 802.11a/b/g/n/ac/ax,3 meses,Garantía del vendedor
MLA1996368090,Streaming Fire Tv Stick lite - Amazon - 1080p Fhd / Rom 8gb,MLA352001,new,69999.0,69999.0,0,ARS,120,,True,cross_docking,False,VILLA DEVOTO,Capital Federal,Argentina,Fire OS 7,Full HD,8 GB,,Quad-Core,Alexa,De voz,Micro-USB,Sí,Sí,IEEE 802.11a/b/g/n/ac,6 meses,Garantía de fábrica
MLA1937931438,Amazon Fire Tv Stick Lite Full Hd 8gb Control + Voz Negro,MLA352001,new,57985.0,57985.0,0,ARS,105,,True,xd_drop_off,False,Belgrano,Capital Federal,Argentina,Fire OS 7,Full HD,8 GB,1 GB,Quad-Core,Alexa,,Micro-USB,Sí,Sí,IEEE 802.11a/b/g/n/ac,6 meses,Garantía del vendedor
MLA1364216697,Amazon Fire Tv Stick Lite Full Hd 8gb 1gb Ram Streaming,MLA352001,new,57800.0,57800.0,0,ARS,164,,True,xd_drop_off,False,San Cristóbal,Capital Federal,Argentina,Fire OS 7,Full HD,8 GB,1 GB,Quad-Core,Alexa,,Micro-USB,Sí,Sí,IEEE 802.11a/b/g/n/ac,6 meses,Garantía del vendedor
MLA1974013466,Amazon Fire Tv Stick Hd 2024 Control Por Voz Fhd Streamoing,MLA352001,new,61999.0,61999.0,0,ARS,41,,True,xd_drop_off,False,San Cristóbal,Capital Federal,Argentina,Fire OS,Full HD,8 GB,1 GB,,Alexa,,"Micro-USB,salida HDMI",Sí,Sí,,6 meses,Garantía del vendedor
MLA1441306967,Amazon Convertidor Fire Tv Stick Lite Alexa Voice Smart Tv,MLA352001,new,143675.0,143675.0,0,ARS,33,,True,fulfillment,False,Balvanera,Capital Federal,Argentina,Fire OS,Full HD,8 GB,1 GB,Quad-Core,,,Micro-USB,Sí,Sí,IEEE 802.11a/b/g/n/ac,30 días,Garantía del vendedor
MLA1916062622,Amazon Tv Stick Lite 3ra Gen Streaming Full Hd,MLA352001,new,86030.0,86030.0,0,ARS,999,,True,cross_docking,False,Ramos Mejía,Buenos Aires,Argentina,Fire OS 6.2.7.7,Full HD,,,ARM Cortex-A53 Quad-Core,Alexa,,Micro-USB,Sí,Sí,IEEE 802.11a/b/g/n/ac,6 meses,Garantía de fábrica
MLA1974062514,Amazon Fire Tv Stick Hd 2024 Control Por Voz Fhd Streaming,MLA352001,new,58998.0,58998.0,0,ARS,33,,True,cross_docking,False,San Cristóbal,Capital Federal,Argentina,Fire OS,Full HD,8 GB,1 GB,,Alexa,,"micro USB solo sirve como fuente de alimentación.,salida HDMI",Sí,Sí,,6 meses,Garantía del vendedor
MLA2026656856,Fire Tv Stick 4k Con Controles De Alexa Y Amazon Black Tv,MLA352001,new,89999.0,89999.0,0,ARS,3,,True,cross_docking,False,Ituzaingó,Buenos Aires,Argentina,Fire OS,4K,8 GB,2 GB,,,De voz,HDMI,Sí,Sí,2.4GHz e 5GHz,6 meses,Garantía del vendedor
MLA1376700509,Amazon Fire Tv Stick 4k 8gb  1.5gb Ram Streaming Control Voz,MLA352001,new,72399.0,72399.0,0,ARS,85,,True,cross_docking,False,San Cristóbal,Capital Federal,Argentina,Fire OS,4K,8 GB,2 GB,Cpu de 1.7 ghz con cuatro núcleos,Alexa,,Micro-USB,Sí,Sí,2.4GHz,6 meses,Garantía del vendedor
MLA1476893929,Amazon Fire Tv Stick 4k Max Streaming Wifi 6,MLA352001,new,101283.0,101283.0,0,ARS,30,,True,xd_drop_off,False,capital federal,Capital Federal,Argentina,Fire OS,4K,16 GB,2 GB,MediaTek MT8696 Quad-Core,Alexa,Estándar,Micro-USB,Sí,Sí,"2.4GHz,5.8GHz",No especificado,No especificado
MLA1100043805,Amazon Fire Tv Stick Lite Full Hd 8gb Alexa Hdtv Dual Band,MLA352001,new,57980.0,57980.0,0,ARS,344,,True,xd_drop_off,False,Flores,Capital Federal,Argentina,Fire OS 7,Full HD,8 GB,1 GB,Quad-Core,Alexa,De voz,Micro-USB,Sí,Sí,IEEE 802.11a/b/g/n/ac,6 meses,Garantía del vendedor
MLA1974143448,Amazon Fire Tv Stick Hd 2024 Control Por Voz Fhd Streamoing,MLA352001,new,58998.0,58998.0,0,ARS,24,,True,xd_drop_off,False,San Cristobal,Capital Federal,Argentina,Fire OS,Full HD,8 GB,1 GB,,Alexa,,"Micro-USB,salida HDMI",Sí,Sí,,6 meses,Garantía del vendedor
MLA2013184174,Amazon Fire Tv Stick 4k Ultra Hd Max 16gb 2nda Generación,MLA352001,new,96182.0,96182.0,0,ARS,28,,True,cross_docking,False,VILLA DEVOTO,Capital Federal,Argentina,Fire OS,4K,16 GB,2 GB,MediaTek MT8696 Quad-Core,Alexa,,Micro-USB,Sí,Sí,"2.4GHz,5.8GHz",6 meses,Garantía de fábrica
MLA1975932800,Amazon Fire Tv Stick 4k 2023 Wifi 6 2gb De Ram Con Alexa,MLA352001,new,98990.0,98990.0,0,ARS,16,,True,cross_docking,False,Almagro,Capital Federal,Argentina,Fire OS,4K,8 GB,2 GB,Cpu de 1.7 ghz con cuatro núcleos,Alexa,,Micro-USB,Sí,Sí,2.4GHz,3 meses,Garantía del vendedor
MLA1464753255,Amazon Fire Tv Stick 8gb Wifi 5 1080p Hdr Version 2024 Alexa,MLA352001,new,77768.99,77768.99,0,ARS,46,,True,xd_drop_off,False,CHACARITA,Capital Federal,Argentina,Fire OS,1080p y 720p hasta 60 fps,8 GB,2 GB,,Alexa,,"Ethernet,Micro-USB,salida HDMI",Sí,Sí,,6 meses,Garantía del vendedor
MLA1437940615,"Amazon Fire Tv Stick 4k Streaming, Con Alexa Voice Remote",MLA352001,new,91900.0,91900.0,0,ARS,45,,True,cross_docking,False,Bernal Oeste,Buenos Aires,Argentina,Fire OS 6.2.7.7,4K,8 GB,1.5 GB,ARM Cortex-A53 Quad-Core,Alexa,,Micro-USB,Sí,Sí,IEEE 802.11a/b/g/n/ac,30 días,Garantía del vendedor
MLA1981319370,Amazon Fire Tv Stick 4k Ultra Hd Max 16gb Wi-fi 6e Negro,MLA352001,new,119500.0,119500.0,0,ARS,16,,True,cross_docking,False,Almagro,Capital Federal,Argentina,Fire OS,4K,16 GB,2 GB,MediaTek MT8696 Quad-Core,Alexa,,Micro-USB,Sí,Sí,"2.4GHz,5.8GHz",3 meses,Garantía del vendedor
MLA1920570096,Amazon Fire Tv Stick De Voz 3gen Full Hd 8gb Negro Con Pilas,MLA352001,new,88500.0,88500.0,0,ARS,4,,True,cross_docking,False,Bernal Oeste,Buenos Aires,Argentina,Fire OS 7,Full HD,8 GB,1 GB,MediaTek MT8695D Quad-Core,,,"Micro-USB,Ethernet",Sí,Sí,IEEE 802.11a/b/g/n/ac,1 meses,Garantía del vendedor
MLA1480367865,"Control Remoto De Voz Fire Tv Stick Lite De Segunda Generación, Alexa Amazon Bivolt, Color Negro, Tipo Control Remoto",MLA352001,new,69990.0,69990.0,0,ARS,5,,True,xd_drop_off,False,Córdoba,Córdoba,Argentina,Fire OS 7,Full HD,8 GB,1 GB,Quad-Core,Alexa,De voz,Micro-USB,Sí,Sí,IEEE 802.11a/b/g/n/ac,3 meses,Garantía de fábrica
MLA1447682463,Amazon Fire Tv Stick 4k Control Por Voz 3ra Generación Alexa,MLA352001,new,72399.0,72399.0,0,ARS,33,,True,xd_drop_off,False,San Cristóbal,Capital Federal,Argentina,Fire OS,4K,8 GB,2 GB,Cpu de 1.7 ghz con cuatro núcleos,Alexa,,Micro-USB,Sí,Sí,2.4GHz,6 meses,Garantía del vendedor
MLA1751007286,Amazon Fire Tv Stick 4k Streaming 2° Gen Con Alexa ,MLA352001,new,95000.0,95000.0,0,ARS,66,,True,cross_docking,False,Bernal Oeste,Buenos Aires,Argentina,Fire OS 6.2.7.7,4K,8 GB,1.5 GB,ARM Cortex-A53 Quad-Core,Alexa,,Micro-USB,Sí,Sí,IEEE 802.11a/b/g/n/ac,30 días,Garantía del vendedor
MLA1918175152,Amazon Fire Tv Stick 4k Max Ultra Hd 16gb Streaming,MLA352001,new,96199.0,96199.0,0,ARS,15,,True,xd_drop_off,False,San Cristobal,Capital Federal,Argentina,Fire OS,4K,16 GB,2 GB,MediaTek MT8696 Quad-Core,Alexa,,Micro-USB,Sí,Sí,"2.4GHz,5.8GHz",6 meses,Garantía del vendedor
MLA1916498408,Amazon Tv Stick Lite 3ra Gen Streaming Full Hd,MLA352001,new,86030.0,86030.0,0,ARS,999,,True,cross_docking,False,Ramos Mejía,Buenos Aires,Argentina,Fire OS 6.2.7.7,1080p Full HD (alta definición),8 GB,1 GB,ARM Cortex-A53 Quad-Core,Alexa,,Micro-USB,Sí,Sí,IEEE 802.11a/b/g/n/ac,12 meses,Garantía de fábrica
MLA1106495695, Amazon Fire Tv Stick Lite Full Hd 8gb 1gb Ram Streaming ,MLA352001,new,57799.0,57799.0,0,ARS,142,,True,cross_docking,False,San Cristóbal,Capital Federal,Argentina,Fire OS,Full HD,8 GB,1 GB,Quad-Core,Alexa,De voz,Micro-USB,Sí,Sí,IEEE 802.11a/b/g/n/ac,6 meses,Garantía del vendedor
MLA1477576483,Amazon Fire Tv Stick Lite Hd Tv Control Remoto Por Voz/ Npo,MLA352001,new,79000.0,79000.0,0,ARS,2,,True,xd_drop_off,False,San Nicolas,Capital Federal,Argentina,Fire OS 7,Full HD,8 GB,,,Amazon Alexa,,,Sí,Sí,,3 meses,Garantía del vendedor
MLA1374336916,Amazon Fire Tv Stick 4k 1.5gb Ram Streaming Control Por Voz,MLA352001,new,72399.0,72399.0,0,ARS,91,,True,xd_drop_off,False,San Cristóbal,Capital Federal,Argentina,Fire OS,4K,8 GB,2 GB,Cpu de 1.7 ghz con cuatro núcleos,Alexa,,Micro-USB,Sí,Sí,2.4GHz,6 meses,Garantía del vendedor
MLA1982247164,Amazon Fire Tv Stick 4k Fire Tv Stick 4k 53-008355 Pilas 4k Negro,MLA352001,new,110273.0,110273.0,0,ARS,2,,True,drop_off,False,Rafaela,Santa Fe,Argentina,Fire OS,4K,8 GB,,,Alexa,pilas,Micro-USB,Sí,Sí,"2.4GHz,5.8GHz",No especificado,No especificado
MLA1473704297,Amazon Fire Tv Stick 8gb Wifi 5 1080p Hdr Version 2024,MLA352001,new,82313.99,82313.99,0,ARS,9,,True,xd_drop_off,False,CORDOBA CAPITAL,Córdoba,Argentina,Fire OS,1080p y 720p hasta 60 fps,8 GB,2 GB,,,,"Ethernet,Micro-USB,salida HDMI",Sí,Sí,,6 meses,Garantía del vendedor
MLA1473196225,Amazon Fire Tv Stick 3 Generación,MLA352001,new,68428.0,68428.0,0,ARS,2,,True,drop_off,False,Monserrat,Capital Federal,Argentina,Fire OS 7,Full HD,8 GB,1 GB,Quad-Core,,De voz,Micro-USB,Sí,Sí,IEEE 802.11a/b/g/n/ac,No especificado,Sin garantía
MLA1974811330,Amazon Fire Tv Stick Hd 2024 Control Por Voz Fhd Streaming,MLA352001,new,78990.0,78990.0,0,ARS,41,,True,xd_drop_off,False,Recoleta,Capital Federal,Argentina,Fire OS,Full HD,8 GB,1 GB,,Alexa,,"HDMI,Micro-USB",Sí,Sí,,6 meses,Garantía del vendedor
MLA1436000073,Amazon Fire Tv Stick 4k Max Ultra Hd Hdr Wifi 6 Version 2023,MLA352001,new,100150.0,100150.0,0,ARS,51,,True,xd_drop_off,False,CHACARITA,Capital Federal,Argentina,Fire OS,4K Ultra HD,16 GB,2 GB,MediaTek MT8696 Quad-Core,Alexa,,Micro-USB,Sí,Sí,"2.4GHz,5.8GHz",6 meses,Garantía del vendedor
MLA1144078429,Amazon Fire Tv Stick 4k 8gb Negro Con 1.5gb De Memoria Ram,MLA352001,new,72399.0,72399.0,0,ARS,81,,True,xd_drop_off,False,San Cristobal,Capital Federal,Argentina,Fire OS,4K,8 GB,2 GB,Cpu de 1.7 ghz con cuatro núcleos,Alexa,,Micro-USB,Sí,Sí,2.4GHz,12 meses,Garantía del vendedor
MLA1995130936,Amazon Fire Tv Stick Hd 2024 Control De Voz 8gh Wifi 5 Nuevo,MLA352001,new,69400.0,69400.0,0,ARS,6,,True,xd_drop_off,False,Recoleta,Capital Federal,Argentina,Fire OS,Full HD,8 GB,1 GB,,Alexa,,"HDMI,Micro-USB",Sí,Sí,,30 días,Garantía del vendedor
MLA1451931929,Amazon Fire Tv Stick 4k Max Ultra Hd 16gb Streaming,MLA352001,new,96199.0,96199.0,0,ARS,17,,True,cross_docking,False,San Cristóbal,Capital Federal,Argentina,Fire OS,4K,16 GB,2 GB,MediaTek MT8696 Quad-Core,Alexa,,Micro-USB,Sí,Sí,"2.4GHz,5.8GHz",6 meses,Garantía del vendedor
MLA1997725624,Roku Express 3960 Hd | Dispositivo De Streaming Con Control Remoto Sencillo,MLA352001,new,54999.0,54999.0,0,ARS,607,,True,cross_docking,False,Parque Chas,Capital Federal,Argentina,Roku OS,Full HD,,1 GB,"Cortex-A53,Cpu de 1.7 ghz con cuatro núcleos",,Estándar,USB,No,Sí,IEEE 802.11b/g/n,6 meses,Garantía del vendedor
MLA2010230552,Roku Le 3930s4 Estándar Hd 32mb Color Negro/violeta Con Control Remoto,MLA352001,new,46290.0,46290.0,0,ARS,222,,True,fulfillment,False,Flores,Capital Federal,Argentina,Roku OS,Full HD,32 MB,,,,Estándar,Micro-USB,No,Sí,IEEE 802.11b/g/n,12 meses,Garantía del vendedor
MLA1710564390,Roku Express 4k+ Control De Voz 4k Negro 3941,MLA352001,new,61999.0,61999.0,0,ARS,351,,True,fulfillment,False,San Nicolás,Capital Federal,Argentina,Roku OS,4K,,1 GB,Cortex-A55,Google Assistant,De voz,"DC jack,Micro-USB",No,Sí,IEEE 802.11ac,6 meses,Garantía del vendedor
MLA1366013645,Convertidor Roku Premiere 4k Hdr Streaming + Control Remoto Color Blanco,MLA352001,new,61950.0,61950.0,0,ARS,597,,True,xd_drop_off,False,San Cristóbal,Capital Federal,Argentina,Roku OS,4K,8 GB,1 GB,Cortex-A53 Quad-Core,,Estándar,"DC jack,Micro-USB",No,Sí,IEEE 802.11a/b/g/n,6 meses,Garantía del vendedor
MLA1464290511,Roku Streaming Stick 4k 3820 | Transmite 4k/hdr/dolby Vision,MLA352001,new,64850.0,64850.0,0,ARS,186,,True,cross_docking,False,Adrogué,Buenos Aires,Argentina,Roku OS,4K,,1 GB,Cortex-A55,Alexa,De voz,"Micro-USB,USB",Sí,Sí,IEEE 802.11ac,12 meses,Garantía de fábrica
MLA1470024247,Roku Express 4k Streaming Tv Uhd Hdr Con Control Remoto 3940 1gb De Memoria Ram Negro,MLA352001,new,73299.0,73299.0,0,ARS,20,,True,cross_docking,False,Belgrano,Capital Federal,Argentina,Roku OS,4K,32 MB,512 GB,Cortex-A55,,Estándar,Micro-USB,No,Sí,802.11b/g/n Wi-Fi® de banda-dupla 2.4 e 5 GHz,2 meses,Garantía del vendedor
MLA1975487350,Convertidor Roku Premiere 4k Hdr Streaming + Control Remoto Color Negro,MLA352001,new,54999.0,54999.0,0,ARS,559,,True,cross_docking,False,VILLA DEVOTO,Capital Federal,Argentina,Roku OS,4K/HDR,,1 GB,,,Estándar,"DC jack,Micro-USB",No,Sí,IEEE 802.11a/b/g/n,6 meses,Garantía de fábrica
MLA1441718535,Roku Premiere 3920 Estándar 4k Negro,MLA352001,new,83755.26,83755.26,0,ARS,21,,True,xd_drop_off,False,CORDOBA CAPITAL,Córdoba,Argentina,Roku OS,4K,,,ARM Cortex-A53 Quad-Core,,Estándar,"DC jack,Micro-USB",Sí,Sí,IEEE 802.11a/b/g/n,3 meses,Garantía del vendedor
MLA1461888965,Roku Ultra Lt 4801 De Voz 4k Negro Con 2gb De Memoria Ram,MLA352001,new,187999.0,187999.0,0,ARS,12,,True,xd_drop_off,False,Olivos,Buenos Aires,Argentina,Roku OS,4K,,2 GB,Cortex-A53 Quad-Core,,De voz,Ethernet,Sí,Sí,IEEE 802.11a/b/g/n/ac,6 meses,Garantía del vendedor
MLA2010216556,Roku Le 3930s4 Estándar Hd 32mb Negro Y Violeta,MLA352001,new,46389.0,46389.0,0,ARS,312,,True,fulfillment,False,Almagro,Capital Federal,Argentina,Roku OS,Full HD,32 MB,,,,,Micro-USB,No,Sí,IEEE 802.11b/g/n,6 meses,Garantía del vendedor
MLA1388907737,Roku 3820r Tv Stick 4k C/contro Por Voz,MLA352001,new,77999.0,77999.0,0,ARS,574,,True,cross_docking,False,Parque Chas,Capital Federal,Argentina,Roku OS,4K,,1 GB,Cortex-A55,Alexa,,"Micro-USB,USB",Sí,Sí,IEEE 802.11ac,6 meses,Garantía del vendedor
MLA1422209109,Roku Express 3960mx Streaming Tv Hd 512mb Con Control Remoto,MLA352001,new,59999.0,59999.0,0,ARS,1014,,True,fulfillment,False,Garín,Buenos Aires,Argentina,Roku OS,Full HD,128 GB,512 MB,"Cortex-A53,Cpu de 1.7 ghz con cuatro núcleos",,,USB,No,Sí,IEEE 802.11b/g/n,12 meses,Garantía del vendedor
MLA1366869301,Roku Premiere 3920rw 4k Hdr Streaming Youtube Netflix Disney,MLA352001,new,54800.0,54800.0,0,ARS,298,,True,cross_docking,False,San Cristóbal,Capital Federal,Argentina,Roku OS,4K/HDR,,1 GB,,,,"DC jack,Micro-USB",No,Sí,IEEE 802.11a/b/g/n,6 meses,Garantía del vendedor
MLA920529907,Roku Premier 3920r Smart Tv 4k Hdr Hdmi Netflix Disney ,MLA352001,new,99311.28,99311.28,0,ARS,289,2,True,xd_drop_off,False,CHACARITA,Capital Federal,Argentina,Roku OS,4K,,1 GB,Cortex-A53 Quad-Core,,,"DC jack,Micro-USB",No,Sí,IEEE 802.11a/b/g/n,6 meses,Garantía del vendedor
MLA1100161682,Roku Express 4k Plus Smart Tv Hdmi Streaming Control C/voice,MLA352001,new,84999.0,84999.0,0,ARS,164,,True,cross_docking,False,San Nicolás,Capital Federal,Argentina,Roku OS,4K,32 MB,512 MB,Cortex-A55,Google Assistant,,"DC jack,Micro-USB",No,Sí,IEEE 802.11ac,6 meses,Garantía del vendedor
MLA1432340592,Roku Le 3930s4 Full Hd Youtube Netflix Media Streaming,MLA352001,new,46490.0,46490.0,0,ARS,105,,True,xd_drop_off,False,San Cristobal,Capital Federal,Argentina,Roku OS,Full HD,32 MB,,,,,Micro-USB,No,Sí,IEEE 802.11b/g/n,6 meses,Garantía del vendedor
MLA1388821445,Roku 3820r Tv Stick 4k C/contro Por Voz,MLA352001,new,77999.0,77999.0,0,ARS,756,,True,cross_docking,False,Parque Chas,Capital Federal,Argentina,Roku OS,4K,,1 GB,Cortex-A55,Alexa,,"Micro-USB,USB",Sí,Sí,IEEE 802.11ac,6 meses,Garantía del vendedor
MLA1384914889,Roku Tv Box Express 3941r 4k 2021 C/control Remoto Por Voz,MLA352001,new,68999.0,68999.0,0,ARS,381,,True,cross_docking,False,Parque Chas,Capital Federal,Argentina,Roku OS,4K,,,Cortex-A55,Google Assistant,,"DC jack,Micro-USB",No,Sí,IEEE 802.11ac,6 meses,Garantía del vendedor
MLA1438007623,Roku Express Le 3930s4 Hd Control Remoto Streaming,MLA352001,new,46470.0,46470.0,0,ARS,139,,True,xd_drop_off,False,San Cristóbal,Capital Federal,Argentina,Roku OS,HD,32 MB,,,,,Micro-USB,No,Sí,IEEE 802.11b/g/n,6 meses,Garantía del vendedor
MLA1126476791,Roku Streaming Stick 3820r 4k Remoto C/ Voz Disney Netflix,MLA352001,new,94990.0,94990.0,0,ARS,158,,True,cross_docking,False,San Nicolás,Capital Federal,Argentina,Roku OS,4K,,1 GB,Cortex-A55,Alexa,,"Micro-USB,USB",,Sí,IEEE 802.11ac,6 meses,Garantía del vendedor
MLA1102102292, Roku Tv Box Express 3941r 4k 2021 C/control Remoto Por Voz,MLA352001,new,68999.0,68999.0,0,ARS,266,,True,cross_docking,False,Parque Chas,Capital Federal,Argentina,,4K,,,Cortex-A55,Google Assistant,De voz,"DC jack,Micro-USB",,Sí,IEEE 802.11ac,6 meses,Garantía del vendedor
MLA1445967533,Roku Le 3930s4 Hd. Streaming Smart Tv. Con Control Remoto,MLA352001,new,46290.0,46290.0,0,ARS,263,,True,cross_docking,False,Villa Urquiza,Capital Federal,Argentina,Roku OS,Full HD,32 MB,,,,,Micro-USB,No,Sí,IEEE 802.11b/g/n,6 meses,Garantía de fábrica
MLA2009555432,Roku Le 3930s4 Estándar Hd 32mb Negro Y Violeta,MLA352001,new,46380.0,46380.0,0,ARS,83,,True,fulfillment,False,San Nicolás,Capital Federal,Argentina,Roku OS,Full HD,32 MB,,,,,Micro-USB,No,Sí,IEEE 802.11b/g/n,6 meses,Garantía del vendedor
MLA1423128791,Roku Le 3930s4 Full Hd Youtube Netflix Media Streaming,MLA352001,new,46490.0,46490.0,0,ARS,108,,True,cross_docking,False,San Cristóbal,Capital Federal,Argentina,Roku OS,Full HD,32 MB,,,,,Micro-USB,No,Sí,IEEE 802.11b/g/n,6 meses,Garantía del vendedor
MLA1389241696,Roku Le 3930s4 Full Hd Youtube Netflix Media Streaming ,MLA352001,new,46490.0,46490.0,0,ARS,244,,True,cross_docking,False,San Cristóbal,Capital Federal,Argentina,Roku OS,Full HD,32 MB,512 MB,Cortex-A53,,,Micro-USB,No,Sí,IEEE 802.11b/g/n,6 meses,Garantía del vendedor
MLA1870770752,Convertidor Roku Premiere 4k Hdr Streaming + Control Remoto,MLA352001,new,53900.0,53900.0,0,ARS,25,,True,xd_drop_off,False,Recoleta,Capital Federal,Argentina,Roku OS,4K,,1 GB,Cortex-A53 Quad-Core,,,"DC jack,Micro-USB",No,Sí,IEEE 802.11a/b/g/n,6 meses,Garantía del vendedor
MLA1899093790,Roku Premiere Convertidor Smart Tv Full Hd + Control Remoto,MLA352001,new,115000.0,115000.0,0,ARS,33,,True,xd_drop_off,False,Parque Patricios,Capital Federal,Argentina,Roku OS,4K,1 GB,1 GB,Cortex-A53 Quad-Core,,,"DC jack,Micro-USB",No,Sí,IEEE 802.11a/b/g/n,30 días,Garantía del vendedor
MLA2010203428,Roku Le 3930s4 Estándar Hd 32mb Negro Y Violeta,MLA352001,new,46290.0,46290.0,0,ARS,60,,True,xd_drop_off,False,Monserrat,Capital Federal,Argentina,Roku OS,Full HD,32 MB,,,,,Micro-USB,No,Sí,IEEE 802.11b/g/n,6 meses,Garantía del vendedor
MLA1401875226,Roku Premiere 3920rw 4k Hdr Streaming Youtube Netflix Disney,MLA352001,new,54800.0,54800.0,0,ARS,150,,True,xd_drop_off,False,San Cristobal,Capital Federal,Argentina,Roku OS,4K/HDR,,1 GB,,,,"DC jack,Micro-USB",No,Sí,IEEE 802.11a/b/g/n,6 meses,Garantía del vendedor
MLA1434892333,Roku Streaming Stick 4k | Dispositivo De Streaming 4k,MLA352001,new,96999.0,96999.0,0,ARS,63,,True,fulfillment,False,Córdoba,Córdoba,Argentina,Roku OS,4K,,1 GB,Cortex-A55,Alexa,,"Micro-USB,USB",Sí,Sí,IEEE 802.11ac,6 meses,Garantía del vendedor
MLA1366051841,Roku Premiere 3920 4k Hdr Control Remoto Streaming,MLA352001,new,54800.0,54800.0,0,ARS,29,,True,xd_drop_off,False,San Cristóbal,Capital Federal,Argentina,Roku OS,4K/HDR,,1 GB,,,,"DC jack,Micro-USB",No,Sí,IEEE 802.11a/b/g/n,6 meses,Garantía del vendedor
MLA1405965240,Roku Le 3930s4 Full Hd Youtube Netflix Media Streaming,MLA352001,new,46490.0,46490.0,0,ARS,55,,True,xd_drop_off,False,San Cristobal,Capital Federal,Argentina,Roku OS,Full HD,32 MB,,,,,Micro-USB,No,Sí,IEEE 802.11b/g/n,6 meses,Garantía del vendedor
MLA1899209176,Roku Streaming Stick 4k 3920rw Hdr Con Control Tv,MLA352001,new,115000.0,115000.0,0,ARS,39,,True,xd_drop_off,False,Parque Patricios,Capital Federal,Argentina,Roku OS,4K,1 GB,1 GB,Cortex-A53 Quad-Core,,,"DC jack,Micro-USB",No,Sí,IEEE 802.11a/b/g/n,30 días,Garantía del vendedor
MLA1992899294,Roku Premiere 4k Hdr Streaming + Control Remoto,MLA352001,new,69999.0,69999.0,0,ARS,10,,True,xd_drop_off,False,Monserrat,Capital Federal,Argentina,Roku OS,4K/HDR,,1 GB,,,,"DC jack,Micro-USB",No,Sí,IEEE 802.11a/b/g/n,6 meses,Garantía de fábrica
MLA1798430098,Roku Le 3930s3 Estándar Hd Blanco Y Negro,MLA352001,new,60500.0,60500.0,0,ARS,43,,True,drop_off,False,Paraná,Entre Ríos,Argentina,Roku OS,HD,,,,,Estándar,Micro-USB,No,Sí,IEEE 802.11b/g/n,3 meses,Garantía de fábrica
MLA1934416558,Roku Stick 4k Streaming Tv Hdr Dolby Vision C/control Remoto,MLA352001,new,142999.0,142999.0,0,ARS,30,,True,cross_docking,False,Garín,Buenos Aires,Argentina,Roku OS,4K,,1 GB,Cortex-A55,Alexa,,"Micro-USB,USB",Sí,Sí,IEEE 802.11ac,12 meses,Garantía del vendedor
MLA920527378,Roku Premier 3920r Smart Tv 4k Hdr Hdmi Netflix Streaming,MLA352001,new,83755.26,83755.26,0,ARS,303,2,True,xd_drop_off,False,CHACARITA,Capital Federal,Argentina,Roku OS,4K,,1 GB,Cortex-A53 Quad-Core,,,"DC jack,Micro-USB",No,Sí,IEEE 802.11a/b/g/n,6 meses,Garantía del vendedor
MLA1142896666,Roku Express 4k Streaming Tv Uhd Hdr Con Control Remoto,MLA352001,new,99999.0,99999.0,0,ARS,578,,True,cross_docking,False,Garín,Buenos Aires,Argentina,Roku OS,4K,,1 GB,Cortex-A55,,,Micro-USB,,Sí,802.11b/g/n Wi-Fi® de banda-dupla 2.4 e 5 GHz,12 meses,Garantía del vendedor
MLA1451119589,Roku Se Streaming Special Edition Hd 3930se Open Box,MLA352001,new,73128.97,73128.97,0,ARS,128,1,True,cross_docking,False,San Nicolás,Capital Federal,Argentina,Roku OS,Full HD,32 MB,512 GB,Cortex-A53,,Estándar,Micro-USB,No,Sí,IEEE 802.11b/g/n,6 meses,Garantía del vendedor
MLA1757260276,Roku Express 3960mx Streaming Tv Hd 512mb Con Control Remoto,MLA352001,new,66999.0,66999.0,0,ARS,517,,True,cross_docking,False,Garín,Buenos Aires,Argentina,Roku OS,Full HD,128 GB,512 MB,"Cortex-A53,Cpu de 1.7 ghz con cuatro núcleos",,,USB,No,Sí,IEEE 802.11b/g/n,12 meses,Garantía del vendedor
MLA1998264502,Roku Express 3930 Estándar Hdmi;dts Digital Surround;dolby Por Pass-through De Hdmi 32mb Negro Con 512mb De Memoria Ram,MLA352001,new,57500.0,57500.0,0,ARS,55,,True,cross_docking,False,Núñez,Capital Federal,Argentina,Roku OS,HDMI;DTS Digital Surround;Dolby por pass-through de HDMI,32 MB,512 MB,Cortex-A53,,Estándar,"HDMI,USB",No,Sí,802.11b/g/n,60 días,Garantía de fábrica
MLA2010189510,Roku Le 3930s4 Estándar Hd 32mb Negro Y Violeta,MLA352001,new,63000.0,63000.0,0,ARS,24,,True,xd_drop_off,False,San Nicolás,Capital Federal,Argentina,Roku OS,Full HD,32 MB,,,,,Micro-USB,No,Sí,IEEE 802.11b/g/n,12 meses,Garantía del vendedor
MLA1436005965,Roku Streaming Stick 4k | Dispositivo De Streaming 4k/hdr/do,MLA352001,new,94200.0,94200.0,0,ARS,38,,True,cross_docking,False,Almagro,Capital Federal,Argentina,Roku OS,4K,,1 GB,Cortex-A55,Alexa,,"Micro-USB,USB",Sí,Sí,IEEE 802.11ac,3 meses,Garantía del vendedor
MLA1838521534,Smart Tv Convertidor Roku Express Hd Control Remoto Pcreg,MLA352001,new,70049.0,70049.0,0,ARS,842,,True,cross_docking,False,Almagro,Capital Federal,Argentina,Roku OS,Full HD,,512 MB,"Cortex-A53,Cpu de 1.7 ghz con cuatro núcleos",,,USB,No,Sí,IEEE 802.11b/g/n,12 meses,Garantía de fábrica
MLA1449115289,Roku Premiere 4k Hdr Streaming - Incluye Pilas Y Fuente,MLA352001,new,95500.0,95500.0,0,ARS,35,,True,cross_docking,False,Bernal Oeste,Buenos Aires,Argentina,Roku OS,4K,,,Cortex-A53 Quad-Core,,,"DC jack,Micro-USB",No,Sí,IEEE 802.11a/b/g/n,30 días,Garantía del vendedor
MLA1853979098,Roku Premiere 4k Convertidor Streaming Control Remoto,MLA352001,new,54800.0,54800.0,0,ARS,37,,True,xd_drop_off,False,San Cristóbal,Capital Federal,Argentina,Roku OS,4K/HDR,,1 GB,Cortex-A53 Quad-Core,,,"DC jack,Micro-USB",No,Sí,IEEE 802.11a/b/g/n,6 meses,Garantía del vendedor
MLA1373073624,Roku Express 3930 Full Hd 1080p C Control Netflix Disney Hbo,MLA352001,new,59999.0,59999.0,0,ARS,147,,True,cross_docking,False,Haedo,Buenos Aires,Argentina,Roku OS,HD,32 MB,512 MB,Cortex-A53,,,Micro-USB,No,Sí,IEEE 802.11b/g/n,No especificado,Sin garantía
MLA1440815810,Roku Le 3930s4 C/ Control Remoto Full Hd Netflix Hbo Disney+,MLA352001,new,49999.0,49999.0,0,ARS,98,,True,cross_docking,False,Haedo,Buenos Aires,Argentina,Roku OS,Full HD,32 MB,,,,,Micro-USB,No,Sí,IEEE 802.11b/g/n,3 meses,Garantía del vendedor
MLA1934671920,Roku Stick 4k Streaming Tv Hdr Dolby Vision C/control Remoto,MLA352001,new,162999.0,162999.0,0,ARS,31,,True,cross_docking,False,Garín,Buenos Aires,Argentina,Roku OS,4K,,1 GB,Cortex-A55,Alexa,,"Micro-USB,USB",Sí,Sí,IEEE 802.11ac,12 meses,Garantía del vendedor
MLA1401236242,Roku Premiere 3920rw 4k Hdr Control Remoto Streaming,MLA352001,new,54800.0,54800.0,0,ARS,46,,True,xd_drop_off,False,San Cristobal,Capital Federal,Argentina,Roku OS,4K/HDR,,1 GB,,,,"DC jack,Micro-USB",No,Sí,IEEE 802.11a/b/g/n,6 meses,Garantía del vendedor
